0,0,0,0
0.01001,0.01001,1,1.001
0.02002,0.01992,0.98999,1.992
0.03003,0.02973,0.98008,2.973
0.04004,0.039443,0.97027,3.9443
0.05005,0.049058,0.96056,4.9058
0.06006,0.058577,0.95094,5.8577
0.07007,0.068001,0.94142,6.8001
0.08008,0.07733,0.932,7.733
0.09009,0.086566,0.92267,8.6566
0.1001,0.095709,0.91343,9.5709
0.11011,0.10476,0.90429,10.476
0.12012,0.11372,0.89524,11.372
0.13013,0.12259,0.88628,12.259
0.14014,0.13138,0.87741,13.138
0.15015,0.14007,0.86862,14.007
0.16016,0.14868,0.85993,14.868
0.17017,0.1572,0.85132,15.72
0.18018,0.16564,0.8428,16.564
0.19019,0.17399,0.83436,17.399
0.2002,0.18226,0.82601,18.226
0.21021,0.19044,0.81774,19.044
0.22022,0.19855,0.80956,19.855
0.23023,0.20657,0.80145,20.657
0.24024,0.21451,0.79343,21.451
0.25025,0.22238,0.78549,22.238
0.26026,0.23016,0.77762,23.016
0.27027,0.23787,0.76984,23.787
0.28028,0.24549,0.76213,24.549
0.29029,0.25305,0.75451,25.305
0.3003,0.26052,0.74695,26.052
0.31031,0.26793,0.73948,26.793
0.32032,0.27525,0.73207,27.525
0.33033,0.28251,0.72475,28.251
0.34034,0.28969,0.71749,28.969
0.35035,0.2968,0.71031,29.68
0.36036,0.30384,0.7032,30.384
0.37037,0.31081,0.69616,31.081
0.38038,0.31771,0.68919,31.771
0.39039,0.32454,0.68229,32.454
0.4004,0.3313,0.67546,33.13
0.41041,0.33799,0.6687,33.799
0.42042,0.34462,0.66201,34.462
0.43043,0.35118,0.65538,35.118
0.44044,0.35767,0.64882,35.767
0.45045,0.3641,0.64233,36.41
0.46046,0.37047,0.6359,37.047
0.47047,0.37677,0.62953,37.677
0.48048,0.38301,0.62323,38.301
0.49049,0.38919,0.61699,38.919
0.5005,0.3953,0.61081,39.53
0.51051,0.40135,0.6047,40.135
0.52052,0.40735,0.59865,40.735
0.53053,0.41328,0.59265,41.328
0.54054,0.41915,0.58672,41.915
0.55055,0.42497,0.58085,42.497
0.56056,0.43072,0.57503,43.072
0.57057,0.43642,0.56928,43.642
0.58058,0.44206,0.56358,44.206
0.59059,0.44765,0.55794,44.765
0.6006,0.45318,0.55235,45.318
0.61061,0.45865,0.54682,45.865
0.62062,0.46407,0.54135,46.407
0.63063,0.46943,0.53593,46.943
0.64064,0.47474,0.53057,47.474
0.65065,0.48,0.52526,48
0.66066,0.48521,0.52,48.521
0.67067,0.49036,0.51479,49.036
0.68068,0.49546,0.50964,49.546
0.69069,0.50051,0.50454,50.051
0.7007,0.50551,0.49949,50.551
0.71071,0.51046,0.49449,51.046
0.72072,0.51536,0.48954,51.536
0.73073,0.52021,0.48464,52.021
0.74074,0.52502,0.47979,52.502
0.75075,0.52977,0.47498,52.977
0.76076,0.53448,0.47023,53.448
0.77077,0.53914,0.46552,53.914
0.78078,0.54375,0.46086,54.375
0.79079,0.54832,0.45625,54.832
0.8008,0.55284,0.45168,55.284
0.81081,0.55731,0.44716,55.731
0.82082,0.56175,0.44269,56.175
0.83083,0.56613,0.43825,56.613
0.84084,0.57048,0.43387,57.048
0.85085,0.57478,0.42952,57.478
0.86086,0.57903,0.42522,57.903
0.87087,0.58325,0.42097,58.325
0.88088,0.58742,0.41675,58.742
0.89089,0.59155,0.41258,59.155
0.9009,0.59564,0.40845,59.564
0.91091,0.59968,0.40436,59.968
0.92092,0.60369,0.40032,60.369
0.93093,0.60766,0.39631,60.766
0.94094,0.61159,0.39234,61.159
0.95095,0.61547,0.38841,61.547
0.96096,0.61932,0.38453,61.932
0.97097,0.62313,0.38068,62.313
0.98098,0.62691,0.37687,62.691
0.99099,0.63064,0.37309,63.064
1.001,0.63434,0.36936,63.434
1.011,0.638,0.36566,63.8
1.021,0.64162,0.362,64.162
1.031,0.64521,0.35838,64.521
1.041,0.64876,0.35479,64.876
1.0511,0.65228,0.35124,65.228
1.0611,0.65576,0.34772,65.576
1.0711,0.6592,0.34424,65.92
1.0811,0.66261,0.3408,66.261
1.0911,0.66599,0.33739,66.599
1.1011,0.66933,0.33401,66.933
1.1111,0.67264,0.33067,67.264
1.1211,0.67592,0.32736,67.592
1.1311,0.67917,0.32408,67.917
1.1411,0.68238,0.32083,68.238
1.1512,0.68556,0.31762,68.556
1.1612,0.6887,0.31444,68.87
1.1712,0.69182,0.3113,69.182
1.1812,0.69491,0.30818,69.491
1.1912,0.69796,0.30509,69.796
1.2012,0.70098,0.30204,70.098
1.2112,0.70398,0.29902,70.398
1.2212,0.70694,0.29602,70.694
1.2312,0.70987,0.29306,70.987
1.2412,0.71278,0.29013,71.278
1.2513,0.71565,0.28722,71.565
1.2613,0.7185,0.28435,71.85
1.2713,0.72132,0.2815,72.132
1.2813,0.72411,0.27868,72.411
1.2913,0.72687,0.27589,72.687
1.3013,0.7296,0.27313,72.96
1.3113,0.73231,0.2704,73.231
1.3213,0.73499,0.26769,73.499
1.3313,0.73764,0.26501,73.764
1.3413,0.74027,0.26236,74.027
1.3514,0.74287,0.25973,74.287
1.3614,0.74544,0.25713,74.544
1.3714,0.74799,0.25456,74.799
1.3814,0.75051,0.25201,75.051
1.3914,0.75301,0.24949,75.301
1.4014,0.75548,0.24699,75.548
1.4114,0.75793,0.24452,75.793
1.4214,0.76035,0.24207,76.035
1.4314,0.76275,0.23965,76.275
1.4414,0.76513,0.23725,76.513
1.4515,0.76748,0.23487,76.748
1.4615,0.7698,0.23252,76.98
1.4715,0.77211,0.2302,77.211
1.4815,0.77439,0.22789,77.439
1.4915,0.77665,0.22561,77.665
1.5015,0.77888,0.22335,77.888
1.5115,0.7811,0.22112,78.11
1.5215,0.78329,0.2189,78.329
1.5315,0.78546,0.21671,78.546
1.5415,0.78761,0.21454,78.761
1.5516,0.78973,0.21239,78.973
1.5616,0.79184,0.21027,79.184
1.5716,0.79392,0.20816,79.392
1.5816,0.79598,0.20608,79.598
1.5916,0.79802,0.20402,79.802
1.6016,0.80005,0.20198,80.005
1.6116,0.80205,0.19995,80.205
1.6216,0.80403,0.19795,80.403
1.6316,0.80599,0.19597,80.599
1.6416,0.80793,0.19401,80.793
1.6517,0.80986,0.19207,80.986
1.6617,0.81176,0.19014,81.176
1.6717,0.81364,0.18824,81.364
1.6817,0.81551,0.18636,81.551
1.6917,0.81736,0.18449,81.736
1.7017,0.81918,0.18264,81.918
1.7117,0.82099,0.18082,82.099
1.7217,0.82279,0.17901,82.279
1.7317,0.82456,0.17721,82.456
1.7417,0.82632,0.17544,82.632
1.7518,0.82805,0.17368,82.805
1.7618,0.82978,0.17195,82.978
1.7718,0.83148,0.17022,83.148
1.7818,0.83317,0.16852,83.317
1.7918,0.83484,0.16683,83.484
1.8018,0.83649,0.16516,83.649
1.8118,0.83813,0.16351,83.813
1.8218,0.83975,0.16187,83.975
1.8318,0.84135,0.16025,84.135
1.8418,0.84294,0.15865,84.294
1.8519,0.84451,0.15706,84.451
1.8619,0.84607,0.15549,84.607
1.8719,0.84761,0.15393,84.761
1.8819,0.84913,0.15239,84.913
1.8919,0.85064,0.15087,85.064
1.9019,0.85214,0.14936,85.214
1.9119,0.85362,0.14786,85.362
1.9219,0.85508,0.14638,85.508
1.9319,0.85654,0.14492,85.654
1.9419,0.85797,0.14346,85.797
1.952,0.85939,0.14203,85.939
1.962,0.8608,0.14061,86.08
1.972,0.86219,0.1392,86.219
1.982,0.86357,0.13781,86.357
1.992,0.86494,0.13643,86.494
2.002,0.86629,0.13506,86.629
2.012,0.86763,0.13371,86.763
2.022,0.86895,0.13237,86.895
2.032,0.87027,0.13105,87.027
2.042,0.87156,0.12973,87.156
2.0521,0.87285,0.12844,87.285
2.0621,0.87412,0.12715,87.412
2.0721,0.87538,0.12588,87.538
2.0821,0.87663,0.12462,87.663
2.0921,0.87787,0.12337,87.787
2.1021,0.87909,0.12213,87.909
2.1121,0.8803,0.12091,88.03
2.1221,0.8815,0.1197,88.15
2.1321,0.88268,0.1185,88.268
2.1421,0.88386,0.11732,88.386
2.1522,0.88502,0.11614,88.502
2.1622,0.88617,0.11498,88.617
2.1722,0.88731,0.11383,88.731
2.1822,0.88844,0.11269,88.844
2.1922,0.88956,0.11156,88.956
2.2022,0.89066,0.11044,89.066
2.2122,0.89176,0.10934,89.176
2.2222,0.89284,0.10824,89.284
2.2322,0.89391,0.10716,89.391
2.2422,0.89497,0.10609,89.497
2.2523,0.89602,0.10503,89.602
2.2623,0.89707,0.10398,89.707
2.2723,0.8981,0.10293,89.81
2.2823,0.89912,0.1019,89.912
2.2923,0.90013,0.10088,90.013
2.3023,0.90113,0.099874,90.113
2.3123,0.90212,0.098875,90.212
2.3223,0.90309,0.097885,90.309
2.3323,0.90406,0.096905,90.406
2.3423,0.90503,0.095935,90.503
2.3524,0.90598,0.094975,90.598
2.3624,0.90692,0.094024,90.692
2.3724,0.90785,0.093083,90.785
2.3824,0.90877,0.092151,90.877
2.3924,0.90968,0.091229,90.968
2.4024,0.91059,0.090315,91.059
2.4124,0.91148,0.089411,91.148
2.4224,0.91237,0.088516,91.237
2.4324,0.91325,0.08763,91.325
2.4424,0.91412,0.086753,91.412
2.4525,0.91497,0.085885,91.497
2.4625,0.91583,0.085025,91.583
2.4725,0.91667,0.084174,91.667
2.4825,0.9175,0.083331,91.75
2.4925,0.91833,0.082497,91.833
2.5025,0.91915,0.081671,91.915
2.5125,0.91996,0.080854,91.996
2.5225,0.92076,0.080045,92.076
2.5325,0.92155,0.079243,92.155
2.5425,0.92234,0.07845,92.234
2.5526,0.92311,0.077665,92.311
2.5626,0.92388,0.076887,92.388
2.5726,0.92464,0.076118,92.464
2.5826,0.9254,0.075356,92.54
2.5926,0.92615,0.074601,92.615
2.6026,0.92688,0.073855,92.688
2.6126,0.92762,0.073115,92.762
2.6226,0.92834,0.072384,92.834
2.6326,0.92906,0.071659,92.906
2.6426,0.92977,0.070942,92.977
2.6527,0.93047,0.070232,93.047
2.6627,0.93117,0.069529,93.117
2.6727,0.93186,0.068833,93.186
2.6827,0.93254,0.068144,93.254
2.6927,0.93321,0.067461,93.321
2.7027,0.93388,0.066786,93.388
2.7127,0.93454,0.066118,93.454
2.7227,0.9352,0.065456,93.52
2.7327,0.93585,0.064801,93.585
2.7427,0.93649,0.064152,93.649
2.7528,0.93713,0.06351,93.713
2.7628,0.93776,0.062874,93.776
2.7728,0.93838,0.062245,93.838
2.7828,0.939,0.061622,93.9
2.7928,0.93961,0.061005,93.961
2.8028,0.94021,0.060394,94.021
2.8128,0.94081,0.05979,94.081
2.8228,0.9414,0.059191,94.14
2.8328,0.94199,0.058599,94.199
2.8428,0.94257,0.058012,94.257
2.8529,0.94314,0.057431,94.314
2.8629,0.94371,0.056856,94.371
2.8729,0.94428,0.056287,94.428
2.8829,0.94483,0.055724,94.483
2.8929,0.94539,0.055166,94.539
2.9029,0.94593,0.054614,94.593
2.9129,0.94647,0.054067,94.647
2.9229,0.94701,0.053526,94.701
2.9329,0.94754,0.05299,94.754
2.9429,0.94807,0.05246,94.807
2.953,0.94859,0.051935,94.859
2.963,0.9491,0.051415,94.91
2.973,0.94961,0.0509,94.961
2.983,0.95011,0.05039,95.011
2.993,0.95061,0.049886,95.061
3.003,0.95111,0.049387,95.111
3.013,0.9516,0.048892,95.16
3.023,0.95208,0.048403,95.208
3.033,0.95256,0.047918,95.256
3.043,0.95304,0.047439,95.304
3.0531,0.95351,0.046964,95.351
3.0631,0.95397,0.046494,95.397
3.0731,0.95443,0.046028,95.443
3.0831,0.95489,0.045568,95.489
3.0931,0.95534,0.045112,95.534
3.1031,0.95579,0.04466,95.579
3.1131,0.95623,0.044213,95.623
3.1231,0.95667,0.04377,95.667
3.1331,0.9571,0.043332,95.71
3.1431,0.95753,0.042898,95.753
3.1532,0.95796,0.042469,95.796
3.1632,0.95838,0.042044,95.838
3.1732,0.95879,0.041623,95.879
3.1832,0.95921,0.041206,95.921
3.1932,0.95961,0.040794,95.961
3.2032,0.96002,0.040386,96.002
3.2132,0.96042,0.039981,96.042
3.2232,0.96082,0.039581,96.082
3.2332,0.96121,0.039185,96.121
3.2432,0.9616,0.038793,96.16
3.2533,0.96198,0.038404,96.198
3.2633,0.96236,0.03802,96.236
3.2733,0.96274,0.037639,96.274
3.2833,0.96311,0.037263,96.311
3.2933,0.96348,0.03689,96.348
3.3033,0.96385,0.03652,96.385
3.3133,0.96421,0.036155,96.421
3.3233,0.96457,0.035793,96.457
3.3333,0.96492,0.035435,96.492
3.3433,0.96527,0.03508,96.527
3.3534,0.96562,0.034729,96.562
3.3634,0.96596,0.034381,96.596
3.3734,0.9663,0.034037,96.63
3.3834,0.96664,0.033696,96.664
3.3934,0.96698,0.033359,96.698
3.4034,0.96731,0.033025,96.731
3.4134,0.96763,0.032694,96.763
3.4234,0.96796,0.032367,96.796
3.4334,0.96828,0.032043,96.828
3.4434,0.9686,0.031722,96.86
3.4535,0.96891,0.031405,96.891
3.4635,0.96922,0.03109,96.922
3.4735,0.96953,0.030779,96.953
3.4835,0.96983,0.030471,96.983
3.4935,0.97014,0.030166,97.014
3.5035,0.97043,0.029864,97.043
3.5135,0.97073,0.029565,97.073
3.5235,0.97102,0.029269,97.102
3.5335,0.97131,0.028976,97.131
3.5435,0.9716,0.028686,97.16
3.5536,0.97189,0.028399,97.189
3.5636,0.97217,0.028115,97.217
3.5736,0.97245,0.027833,97.245
3.5836,0.97272,0.027555,97.272
3.5936,0.97299,0.027279,97.299
3.6036,0.97326,0.027006,97.326
3.6136,0.97353,0.026736,97.353
3.6236,0.9738,0.026468,97.38
3.6336,0.97406,0.026203,97.406
3.6436,0.97432,0.025941,97.432
3.6537,0.97458,0.025681,97.458
3.6637,0.97483,0.025424,97.483
3.6737,0.97508,0.025169,97.508
3.6837,0.97533,0.024918,97.533
3.6937,0.97558,0.024668,97.558
3.7037,0.97582,0.024421,97.582
3.7137,0.97607,0.024177,97.607
3.7237,0.9763,0.023935,97.63
3.7337,0.97654,0.023695,97.654
3.7437,0.97678,0.023458,97.678
3.7538,0.97701,0.023223,97.701
3.7638,0.97724,0.022991,97.724
3.7738,0.97747,0.022761,97.747
3.7838,0.97769,0.022533,97.769
3.7938,0.97792,0.022307,97.792
3.8038,0.97814,0.022084,97.814
3.8138,0.97836,0.021863,97.836
3.8238,0.97857,0.021644,97.857
3.8338,0.97879,0.021427,97.879
3.8438,0.979,0.021213,97.9
3.8539,0.97921,0.021,97.921
3.8639,0.97942,0.02079,97.942
3.8739,0.97962,0.020582,97.962
3.8839,0.97983,0.020376,97.983
3.8939,0.98003,0.020172,98.003
3.9039,0.98023,0.01997,98.023
3.9139,0.98043,0.01977,98.043
3.9239,0.98062,0.019572,98.062
3.9339,0.98082,0.019376,98.082
3.9439,0.98101,0.019183,98.101
3.954,0.9812,0.018991,98.12
3.964,0.98139,0.0188,98.139
3.974,0.98157,0.018612,98.157
3.984,0.98176,0.018426,98.176
3.994,0.98194,0.018241,98.194
4.004,0.98212,0.018059,98.212
4.014,0.9823,0.017878,98.23
4.024,0.98248,0.017699,98.248
4.034,0.98265,0.017522,98.265
4.044,0.98283,0.017347,98.283
4.0541,0.983,0.017173,98.3
4.0641,0.98317,0.017001,98.317
4.0741,0.98334,0.016831,98.334
4.0841,0.9835,0.016662,98.35
4.0941,0.98367,0.016496,98.367
4.1041,0.98383,0.01633,98.383
4.1141,0.98399,0.016167,98.399
4.1241,0.98416,0.016005,98.416
4.1341,0.98431,0.015845,98.431
4.1441,0.98447,0.015686,98.447
4.1542,0.98463,0.015529,98.463
4.1642,0.98478,0.015374,98.478
4.1742,0.98493,0.01522,98.493
4.1842,0.98508,0.015068,98.508
4.1942,0.98523,0.014917,98.523
4.2042,0.98538,0.014767,98.538
4.2142,0.98553,0.01462,98.553
4.2242,0.98567,0.014473,98.567
4.2342,0.98581,0.014328,98.581
4.2442,0.98596,0.014185,98.596
4.2543,0.9861,0.014043,98.61
4.2643,0.98624,0.013902,98.624
4.2743,0.98637,0.013763,98.637
4.2843,0.98651,0.013626,98.651
4.2943,0.98665,0.013489,98.665
4.3043,0.98678,0.013354,98.678
4.3143,0.98691,0.01322,98.691
4.3243,0.98704,0.013088,98.704
4.3343,0.98717,0.012957,98.717
4.3443,0.9873,0.012827,98.73
4.3544,0.98743,0.012699,98.743
4.3644,0.98755,0.012572,98.755
4.3744,0.98768,0.012446,98.768
4.3844,0.9878,0.012321,98.78
4.3944,0.98792,0.012198,98.792
4.4044,0.98804,0.012076,98.804
4.4144,0.98816,0.011955,98.816
4.4244,0.98828,0.011835,98.828
4.4344,0.9884,0.011717,98.84
4.4444,0.98852,0.0116,98.852
4.4545,0.98863,0.011484,98.863
4.4645,0.98875,0.011369,98.875
4.4745,0.98886,0.011255,98.886
4.4845,0.98897,0.011142,98.897
4.4945,0.98908,0.011031,98.908
4.5045,0.98919,0.01092,98.919
4.5145,0.9893,0.010811,98.93
4.5245,0.9894,0.010703,98.94
4.5345,0.98951,0.010596,98.951
4.5445,0.98962,0.010489,98.962
4.5546,0.98972,0.010384,98.972
4.5646,0.98982,0.010281,98.982
4.5746,0.98992,0.010178,98.992
4.5846,0.99003,0.010076,99.003
4.5946,0.99012,0.0099749,99.012
4.6046,0.99022,0.009875,99.022
4.6146,0.99032,0.0097762,99.032
4.6246,0.99042,0.0096783,99.042
4.6346,0.99051,0.0095814,99.051
4.6446,0.99061,0.0094855,99.061
4.6547,0.9907,0.0093906,99.07
4.6647,0.9908,0.0092966,99.08
4.6747,0.99089,0.0092035,99.089
4.6847,0.99098,0.0091114,99.098
4.6947,0.99107,0.0090202,99.107
4.7047,0.99116,0.0089299,99.116
4.7147,0.99125,0.0088405,99.125
4.7247,0.99134,0.008752,99.134
4.7347,0.99142,0.0086644,99.142
4.7447,0.99151,0.0085777,99.151
4.7548,0.99159,0.0084918,99.159
4.7648,0.99168,0.0084068,99.168
4.7748,0.99176,0.0083227,99.176
4.7848,0.99184,0.0082394,99.184
4.7948,0.99192,0.0081569,99.192
4.8048,0.99201,0.0080752,99.201
4.8148,0.99209,0.0079944,99.209
4.8248,0.99216,0.0079144,99.216
4.8348,0.99224,0.0078351,99.224
4.8448,0.99232,0.0077567,99.232
4.8549,0.9924,0.0076791,99.24
4.8649,0.99247,0.0076022,99.247
4.8749,0.99255,0.0075261,99.255
4.8849,0.99262,0.0074508,99.262
4.8949,0.9927,0.0073762,99.27
4.9049,0.99277,0.0073024,99.277
4.9149,0.99284,0.0072293,99.284
4.9249,0.99291,0.0071569,99.291
4.9349,0.99299,0.0070853,99.299
4.9449,0.99306,0.0070143,99.306
4.955,0.99313,0.0069441,99.313
4.965,0.99319,0.0068746,99.319
4.975,0.99326,0.0068058,99.326
4.985,0.99333,0.0067377,99.333
4.995,0.9934,0.0066702,99.34
5.005,0.97344,-1.9934,97.344
5.015,0.95369,-1.9734,95.369
5.025,0.93413,-1.9537,93.413
5.035,0.91477,-1.9341,91.477
5.045,0.8956,-1.9148,89.56
5.0551,0.87663,-1.8956,87.663
5.0651,0.85784,-1.8766,85.784
5.0751,0.83925,-1.8578,83.925
5.0851,0.82084,-1.8392,82.084
5.0951,0.80261,-1.8208,80.261
5.1051,0.78457,-1.8026,78.457
5.1151,0.7667,-1.7846,76.67
5.1251,0.74902,-1.7667,74.902
5.1351,0.73151,-1.749,73.151
5.1451,0.71418,-1.7315,71.418
5.1552,0.69702,-1.7142,69.702
5.1652,0.68003,-1.697,68.003
5.1752,0.66321,-1.68,66.321
5.1852,0.64657,-1.6632,64.657
5.1952,0.63008,-1.6466,63.008
5.2052,0.61377,-1.6301,61.377
5.2152,0.59761,-1.6138,59.761
5.2252,0.58162,-1.5976,58.162
5.2352,0.56579,-1.5816,56.579
5.2452,0.55011,-1.5658,55.011
5.2553,0.5346,-1.5501,53.46
5.2653,0.51924,-1.5346,51.924
5.2753,0.50403,-1.5192,50.403
5.2853,0.48897,-1.504,48.897
5.2953,0.47407,-1.489,47.407
5.3053,0.45931,-1.4741,45.931
5.3153,0.44471,-1.4593,44.471
5.3253,0.43024,-1.4447,43.024
5.3353,0.41593,-1.4302,41.593
5.3453,0.40175,-1.4159,40.175
5.3554,0.38772,-1.4018,38.772
5.3654,0.37383,-1.3877,37.383
5.3754,0.36008,-1.3738,36.008
5.3854,0.34646,-1.3601,34.646
5.3954,0.33299,-1.3465,33.299
5.4054,0.31964,-1.333,31.964
5.4154,0.30643,-1.3196,30.643
5.4254,0.29336,-1.3064,29.336
5.4354,0.28041,-1.2934,28.041
5.4454,0.26759,-1.2804,26.759
5.4555,0.2549,-1.2676,25.49
5.4655,0.24234,-1.2549,24.234
5.4755,0.22991,-1.2423,22.991
5.4855,0.2176,-1.2299,21.76
5.4955,0.20541,-1.2176,20.541
5.5055,0.19334,-1.2054,19.334
5.5155,0.1814,-1.1933,18.14
5.5255,0.16957,-1.1814,16.957
5.5355,0.15786,-1.1696,15.786
5.5455,0.14627,-1.1579,14.627
5.5556,0.1348,-1.1463,13.48
5.5656,0.12344,-1.1348,12.344
5.5756,0.11219,-1.1234,11.219
5.5856,0.10106,-1.1122,10.106
5.5956,0.090039,-1.1011,9.0039
5.6056,0.079127,-1.09,7.9127
5.6156,0.068325,-1.0791,6.8325
5.6256,0.057631,-1.0683,5.7631
5.6356,0.047044,-1.0576,4.7044
5.6456,0.036564,-1.047,3.6564
5.6557,0.026188,-1.0366,2.6188
5.6657,0.015915,-1.0262,1.5915
5.6757,0.005746,-1.0159,0.5746
5.6857,-0.0043215,-1.0057,-0.43215
5.6957,-0.014288,-0.99568,-1.4288
5.7057,-0.024155,-0.98571,-2.4155
5.7157,-0.033923,-0.97584,-3.3923
5.7257,-0.043594,-0.96608,-4.3594
5.7357,-0.053168,-0.95641,-5.3168
5.7457,-0.062645,-0.94683,-6.2645
5.7558,-0.072028,-0.93735,-7.2028
5.7658,-0.081317,-0.92797,-8.1317
5.7758,-0.090513,-0.91868,-9.0513
5.7858,-0.099617,-0.90949,-9.9617
5.7958,-0.10863,-0.90038,-10.863
5.8058,-0.11755,-0.89137,-11.755
5.8158,-0.12639,-0.88245,-12.639
5.8258,-0.13513,-0.87361,-13.513
5.8358,-0.14379,-0.86487,-14.379
5.8458,-0.15236,-0.85621,-15.236
5.8559,-0.16084,-0.84764,-16.084
5.8659,-0.16924,-0.83916,-16.924
5.8759,-0.17756,-0.83076,-17.756
5.8859,-0.18579,-0.82244,-18.579
5.8959,-0.19394,-0.81421,-19.394
5.9059,-0.20201,-0.80606,-20.201
5.9159,-0.21,-0.79799,-21
5.9259,-0.21791,-0.79,-21.791
5.9359,-0.22574,-0.78209,-22.574
5.9459,-0.23349,-0.77426,-23.349
5.956,-0.24116,-0.76651,-24.116
5.966,-0.24875,-0.75884,-24.875
5.976,-0.25627,-0.75125,-25.627
5.986,-0.26372,-0.74373,-26.372
5.996,-0.27109,-0.73628,-27.109
6.006,-0.27839,-0.72891,-27.839
6.016,-0.28561,-0.72161,-28.561
6.026,-0.29276,-0.71439,-29.276
6.036,-0.29984,-0.70724,-29.984
6.046,-0.30685,-0.70016,-30.685
6.0561,-0.31379,-0.69315,-31.379
6.0661,-0.32066,-0.68621,-32.066
6.0761,-0.32746,-0.67934,-32.746
6.0861,-0.33419,-0.67254,-33.419
6.0961,-0.34085,-0.66581,-34.085
6.1061,-0.34745,-0.65915,-34.745
6.1161,-0.35398,-0.65255,-35.398
6.1261,-0.36045,-0.64602,-36.045
6.1361,-0.36685,-0.63955,-36.685
6.1461,-0.37319,-0.63315,-37.319
6.1562,-0.37946,-0.62681,-37.946
6.1662,-0.38568,-0.62054,-38.568
6.1762,-0.39183,-0.61432,-39.183
6.1862,-0.39791,-0.60817,-39.791
6.1962,-0.40394,-0.60209,-40.394
6.2062,-0.40991,-0.59606,-40.991
6.2162,-0.41581,-0.59009,-41.581
6.2262,-0.42166,-0.58419,-42.166
6.2362,-0.42745,-0.57834,-42.745
6.2462,-0.43318,-0.57255,-43.318
6.2563,-0.43886,-0.56682,-43.886
6.2663,-0.44447,-0.56114,-44.447
6.2763,-0.45003,-0.55553,-45.003
6.2863,-0.45554,-0.54997,-45.554
6.2963,-0.46099,-0.54446,-46.099
6.3063,-0.46638,-0.53901,-46.638
6.3163,-0.47173,-0.53362,-47.173
6.3263,-0.47701,-0.52827,-47.701
6.3363,-0.48225,-0.52299,-48.225
6.3463,-0.48743,-0.51775,-48.743
6.3564,-0.49256,-0.51257,-49.256
6.3664,-0.49764,-0.50744,-49.764
6.3764,-0.50267,-0.50236,-50.267
6.3864,-0.50765,-0.49733,-50.765
6.3964,-0.51258,-0.49235,-51.258
6.4064,-0.51746,-0.48742,-51.746
6.4164,-0.52229,-0.48254,-52.229
6.4264,-0.52707,-0.47771,-52.707
6.4364,-0.5318,-0.47293,-53.18
6.4464,-0.53649,-0.4682,-53.649
6.4565,-0.54113,-0.46351,-54.113
6.4665,-0.54572,-0.45887,-54.572
6.4765,-0.55027,-0.45428,-55.027
6.4865,-0.55477,-0.44973,-55.477
6.4965,-0.55923,-0.44523,-55.923
6.5065,-0.56364,-0.44077,-56.364
6.5165,-0.56801,-0.43636,-56.801
6.5265,-0.57233,-0.43199,-57.233
6.5365,-0.57661,-0.42767,-57.661
6.5465,-0.58085,-0.42339,-58.085
6.5566,-0.58505,-0.41915,-58.505
6.5666,-0.5892,-0.41495,-58.92
6.5766,-0.59331,-0.4108,-59.331
6.5866,-0.59738,-0.40669,-59.738
6.5966,-0.60141,-0.40262,-60.141
6.6066,-0.6054,-0.39859,-60.54
6.6166,-0.60935,-0.3946,-60.935
6.6266,-0.61326,-0.39065,-61.326
6.6366,-0.61714,-0.38674,-61.714
6.6466,-0.62097,-0.38286,-62.097
6.6567,-0.62476,-0.37903,-62.476
6.6667,-0.62852,-0.37524,-62.852
6.6767,-0.63224,-0.37148,-63.224
6.6867,-0.63592,-0.36776,-63.592
6.6967,-0.63956,-0.36408,-63.956
6.7067,-0.64317,-0.36044,-64.317
6.7167,-0.64674,-0.35683,-64.674
6.7267,-0.65028,-0.35326,-65.028
6.7367,-0.65378,-0.34972,-65.378
6.7467,-0.65724,-0.34622,-65.724
6.7568,-0.66068,-0.34276,-66.068
6.7668,-0.66407,-0.33932,-66.407
6.7768,-0.66743,-0.33593,-66.743
6.7868,-0.67076,-0.33257,-67.076
6.7968,-0.67406,-0.32924,-67.406
6.8068,-0.67732,-0.32594,-67.732
6.8168,-0.68055,-0.32268,-68.055
6.8268,-0.68375,-0.31945,-68.375
6.8368,-0.68692,-0.31625,-68.692
6.8468,-0.69005,-0.31308,-69.005
6.8569,-0.69315,-0.30995,-69.315
6.8669,-0.69622,-0.30685,-69.622
6.8769,-0.69926,-0.30378,-69.926
6.8869,-0.70227,-0.30074,-70.227
6.8969,-0.70526,-0.29773,-70.526
6.9069,-0.70821,-0.29474,-70.821
6.9169,-0.71113,-0.29179,-71.113
6.9269,-0.71402,-0.28887,-71.402
6.9369,-0.71688,-0.28598,-71.688
6.9469,-0.71971,-0.28312,-71.971
6.957,-0.72252,-0.28029,-72.252
6.967,-0.7253,-0.27748,-72.53
6.977,-0.72805,-0.2747,-72.805
6.987,-0.73077,-0.27195,-73.077
6.997,-0.73346,-0.26923,-73.346
7.007,-0.73613,-0.26654,-73.613
7.017,-0.73877,-0.26387,-73.877
7.027,-0.74139,-0.26123,-74.139
7.037,-0.74398,-0.25861,-74.398
7.047,-0.74654,-0.25602,-74.654
7.0571,-0.74908,-0.25346,-74.908
7.0671,-0.75159,-0.25092,-75.159
7.0771,-0.75408,-0.24841,-75.408
7.0871,-0.75654,-0.24592,-75.654
7.0971,-0.75897,-0.24346,-75.897
7.1071,-0.76139,-0.24103,-76.139
7.1171,-0.76378,-0.23861,-76.378
7.1271,-0.76614,-0.23622,-76.614
7.1371,-0.76848,-0.23386,-76.848
7.1471,-0.7708,-0.23152,-77.08
7.1572,-0.77309,-0.2292,-77.309
7.1672,-0.77536,-0.22691,-77.536
7.1772,-0.77761,-0.22464,-77.761
7.1872,-0.77984,-0.22239,-77.984
7.1972,-0.78204,-0.22016,-78.204
7.2072,-0.78422,-0.21796,-78.422
7.2172,-0.78638,-0.21578,-78.638
7.2272,-0.78852,-0.21362,-78.852
7.2372,-0.79064,-0.21148,-79.064
7.2472,-0.79274,-0.20936,-79.274
7.2573,-0.79481,-0.20726,-79.481
7.2673,-0.79686,-0.20519,-79.686
7.2773,-0.7989,-0.20314,-79.89
7.2873,-0.80091,-0.2011,-80.091
7.2973,-0.8029,-0.19909,-80.29
7.3073,-0.80488,-0.1971,-80.488
7.3173,-0.80683,-0.19512,-80.683
7.3273,-0.80876,-0.19317,-80.876
7.3373,-0.81068,-0.19124,-81.068
7.3473,-0.81257,-0.18932,-81.257
7.3574,-0.81445,-0.18743,-81.445
7.3674,-0.81631,-0.18555,-81.631
7.3774,-0.81815,-0.18369,-81.815
7.3874,-0.81997,-0.18185,-81.997
7.3974,-0.82177,-0.18003,-82.177
7.4074,-0.82355,-0.17823,-82.355
7.4174,-0.82532,-0.17645,-82.532
7.4274,-0.82707,-0.17468,-82.707
7.4374,-0.8288,-0.17293,-82.88
7.4474,-0.83051,-0.1712,-83.051
7.4575,-0.83221,-0.16949,-83.221
7.4675,-0.83389,-0.16779,-83.389
7.4775,-0.83555,-0.16611,-83.555
7.4875,-0.8372,-0.16445,-83.72
7.4975,-0.83883,-0.1628,-83.883
7.5075,-0.84044,-0.16117,-84.044
7.5175,-0.84204,-0.15956,-84.204
7.5275,-0.84362,-0.15796,-84.362
7.5375,-0.84518,-0.15638,-84.518
7.5475,-0.84673,-0.15482,-84.673
7.5576,-0.84827,-0.15327,-84.827
7.5676,-0.84979,-0.15173,-84.979
7.5776,-0.85129,-0.15021,-85.129
7.5876,-0.85278,-0.14871,-85.278
7.5976,-0.85425,-0.14722,-85.425
7.6076,-0.85571,-0.14575,-85.571
7.6176,-0.85716,-0.14429,-85.716
7.6276,-0.85859,-0.14284,-85.859
7.6376,-0.86,-0.14141,-86
7.6476,-0.8614,-0.14,-86.14
7.6577,-0.86279,-0.1386,-86.279
7.6677,-0.86416,-0.13721,-86.416
7.6777,-0.86552,-0.13584,-86.552
7.6877,-0.86687,-0.13448,-86.687
7.6977,-0.8682,-0.13313,-86.82
7.7077,-0.86952,-0.1318,-86.952
7.7177,-0.87083,-0.13048,-87.083
7.7277,-0.87212,-0.12917,-87.212
7.7377,-0.8734,-0.12788,-87.34
7.7477,-0.87467,-0.1266,-87.467
7.7578,-0.87592,-0.12533,-87.592
7.7678,-0.87716,-0.12408,-87.716
7.7778,-0.87839,-0.12284,-87.839
7.7878,-0.87961,-0.12161,-87.961
7.7978,-0.88082,-0.12039,-88.082
7.8078,-0.88201,-0.11918,-88.201
7.8178,-0.88319,-0.11799,-88.319
7.8278,-0.88436,-0.11681,-88.436
7.8378,-0.88552,-0.11564,-88.552
7.8478,-0.88666,-0.11448,-88.666
7.8579,-0.8878,-0.11334,-88.78
7.8679,-0.88892,-0.1122,-88.892
7.8779,-0.89003,-0.11108,-89.003
7.8879,-0.89113,-0.10997,-89.113
7.8979,-0.89222,-0.10887,-89.222
7.9079,-0.8933,-0.10778,-89.33
7.9179,-0.89437,-0.1067,-89.437
7.9279,-0.89543,-0.10563,-89.543
7.9379,-0.89647,-0.10457,-89.647
7.9479,-0.89751,-0.10353,-89.751
7.958,-0.89854,-0.10249,-89.854
7.968,-0.89955,-0.10146,-89.955
7.978,-0.90056,-0.10045,-90.056
7.988,-0.90155,-0.099443,-90.155
7.998,-0.90254,-0.098447,-90.254
8.008,-0.90351,-0.097462,-90.351
8.018,-0.90448,-0.096486,-90.448
8.028,-0.90544,-0.09552,-90.544
8.038,-0.90638,-0.094564,-90.638
8.048,-0.90732,-0.093618,-90.732
8.0581,-0.90825,-0.092681,-90.825
8.0681,-0.90917,-0.091753,-90.917
8.0781,-0.91007,-0.090834,-91.007
8.0881,-0.91098,-0.089925,-91.098
8.0981,-0.91187,-0.089025,-91.187
8.1081,-0.91275,-0.088134,-91.275
8.1181,-0.91362,-0.087252,-91.362
8.1281,-0.91449,-0.086378,-91.449
8.1381,-0.91534,-0.085514,-91.534
8.1481,-0.91619,-0.084658,-91.619
8.1582,-0.91703,-0.08381,-91.703
8.1682,-0.91786,-0.082971,-91.786
8.1782,-0.91868,-0.082141,-91.868
8.1882,-0.9195,-0.081318,-91.95
8.1982,-0.9203,-0.080504,-92.03
8.2082,-0.9211,-0.079699,-92.11
8.2182,-0.92189,-0.078901,-92.189
8.2282,-0.92267,-0.078111,-92.267
8.2382,-0.92344,-0.077329,-92.344
8.2482,-0.92421,-0.076555,-92.421
8.2583,-0.92497,-0.075789,-92.497
8.2683,-0.92572,-0.07503,-92.572
8.2783,-0.92646,-0.074279,-92.646
8.2883,-0.9272,-0.073536,-92.72
8.2983,-0.92793,-0.072799,-92.793
8.3083,-0.92865,-0.072071,-92.865
8.3183,-0.92936,-0.071349,-92.936
8.3283,-0.93007,-0.070635,-93.007
8.3383,-0.93077,-0.069928,-93.077
8.3483,-0.93146,-0.069228,-93.146
8.3584,-0.93215,-0.068535,-93.215
8.3684,-0.93283,-0.067849,-93.283
8.3784,-0.9335,-0.06717,-93.35
8.3884,-0.93417,-0.066497,-93.417
8.3984,-0.93483,-0.065832,-93.483
8.4084,-0.93548,-0.065173,-93.548
8.4184,-0.93613,-0.06452,-93.613
8.4284,-0.93676,-0.063875,-93.676
8.4384,-0.9374,-0.063235,-93.74
8.4484,-0.93802,-0.062602,-93.802
8.4585,-0.93864,-0.061976,-93.864
8.4685,-0.93926,-0.061355,-93.926
8.4785,-0.93987,-0.060741,-93.987
8.4885,-0.94047,-0.060133,-94.047
8.4985,-0.94106,-0.059531,-94.106
8.5085,-0.94165,-0.058935,-94.165
8.5185,-0.94224,-0.058345,-94.224
8.5285,-0.94282,-0.057761,-94.282
8.5385,-0.94339,-0.057183,-94.339
8.5485,-0.94396,-0.056611,-94.396
8.5586,-0.94452,-0.056044,-94.452
8.5686,-0.94507,-0.055483,-94.507
8.5786,-0.94562,-0.054928,-94.562
8.5886,-0.94617,-0.054378,-94.617
8.5986,-0.94671,-0.053833,-94.671
8.6086,-0.94724,-0.053295,-94.724
8.6186,-0.94777,-0.052761,-94.777
8.6286,-0.94829,-0.052233,-94.829
8.6386,-0.94881,-0.05171,-94.881
8.6486,-0.94932,-0.051192,-94.932
8.6587,-0.94983,-0.05068,-94.983
8.6687,-0.95033,-0.050173,-95.033
8.6787,-0.95083,-0.049671,-95.083
8.6887,-0.95132,-0.049173,-95.132
8.6987,-0.95181,-0.048681,-95.181
8.7087,-0.95229,-0.048194,-95.229
8.7187,-0.95277,-0.047711,-95.277
8.7287,-0.95324,-0.047234,-95.324
8.7387,-0.95371,-0.046761,-95.371
8.7487,-0.95417,-0.046293,-95.417
8.7588,-0.95463,-0.045829,-95.463
8.7688,-0.95508,-0.045371,-95.508
8.7788,-0.95553,-0.044917,-95.553
8.7888,-0.95598,-0.044467,-95.598
8.7988,-0.95642,-0.044022,-95.642
8.8088,-0.95686,-0.043581,-95.686
8.8188,-0.95729,-0.043145,-95.729
8.8288,-0.95771,-0.042713,-95.771
8.8388,-0.95814,-0.042285,-95.814
8.8488,-0.95856,-0.041862,-95.856
8.8589,-0.95897,-0.041443,-95.897
8.8689,-0.95938,-0.041028,-95.938
8.8789,-0.95979,-0.040618,-95.979
8.8889,-0.96019,-0.040211,-96.019
8.8989,-0.96059,-0.039809,-96.059
8.9089,-0.96098,-0.03941,-96.098
8.9189,-0.96137,-0.039016,-96.137
8.9289,-0.96176,-0.038625,-96.176
8.9389,-0.96214,-0.038238,-96.214
8.9489,-0.96252,-0.037856,-96.252
8.959,-0.9629,-0.037477,-96.29
8.969,-0.96327,-0.037102,-96.327
8.979,-0.96364,-0.03673,-96.364
8.989,-0.964,-0.036362,-96.4
8.999,-0.96436,-0.035998,-96.436
9.009,-0.96472,-0.035638,-96.472
9.019,-0.96507,-0.035281,-96.507
9.029,-0.96542,-0.034928,-96.542
9.039,-0.96577,-0.034579,-96.577
9.049,-0.96611,-0.034232,-96.611
9.0591,-0.96645,-0.03389,-96.645
9.0691,-0.96679,-0.033551,-96.679
9.0791,-0.96712,-0.033215,-96.712
9.0891,-0.96745,-0.032882,-96.745
9.0991,-0.96777,-0.032553,-96.777
9.1091,-0.9681,-0.032227,-96.81
9.1191,-0.96841,-0.031905,-96.841
9.1291,-0.96873,-0.031585,-96.873
9.1391,-0.96904,-0.031269,-96.904
9.1491,-0.96935,-0.030956,-96.935
9.1592,-0.96966,-0.030646,-96.966
9.1692,-0.96996,-0.030339,-96.996
9.1792,-0.97026,-0.030036,-97.026
9.1892,-0.97056,-0.029735,-97.056
9.1992,-0.97086,-0.029437,-97.086
9.2092,-0.97115,-0.029143,-97.115
9.2192,-0.97144,-0.028851,-97.144
9.2292,-0.97172,-0.028562,-97.172
9.2392,-0.97201,-0.028276,-97.201
9.2492,-0.97229,-0.027993,-97.229
9.2593,-0.97256,-0.027713,-97.256
9.2693,-0.97284,-0.027436,-97.284
9.2793,-0.97311,-0.027161,-97.311
9.2893,-0.97338,-0.026889,-97.338
9.2993,-0.97365,-0.02662,-97.365
9.3093,-0.97391,-0.026354,-97.391
9.3193,-0.97417,-0.02609,-97.417
9.3293,-0.97443,-0.025829,-97.443
9.3393,-0.97469,-0.02557,-97.469
9.3493,-0.97494,-0.025314,-97.494
9.3594,-0.97519,-0.025061,-97.519
9.3694,-0.97544,-0.02481,-97.544
9.3794,-0.97568,-0.024561,-97.568
9.3894,-0.97593,-0.024316,-97.593
9.3994,-0.97617,-0.024072,-97.617
9.4094,-0.97641,-0.023831,-97.641
9.4194,-0.97664,-0.023593,-97.664
9.4294,-0.97688,-0.023357,-97.688
9.4394,-0.97711,-0.023123,-97.711
9.4494,-0.97734,-0.022891,-97.734
9.4595,-0.97756,-0.022662,-97.756
9.4695,-0.97779,-0.022435,-97.779
9.4795,-0.97801,-0.022211,-97.801
9.4895,-0.97823,-0.021988,-97.823
9.4995,-0.97845,-0.021768,-97.845
9.5095,-0.97867,-0.02155,-97.867
9.5195,-0.97888,-0.021335,-97.888
9.5295,-0.97909,-0.021121,-97.909
9.5395,-0.9793,-0.02091,-97.93
9.5495,-0.97951,-0.0207,-97.951
9.5596,-0.97971,-0.020493,-97.971
9.5696,-0.97992,-0.020288,-97.992
9.5796,-0.98012,-0.020085,-98.012
9.5896,-0.98032,-0.019884,-98.032
9.5996,-0.98051,-0.019685,-98.051
9.6096,-0.98071,-0.019488,-98.071
9.6196,-0.9809,-0.019293,-98.09
9.6296,-0.98109,-0.0191,-98.109
9.6396,-0.98128,-0.018908,-98.128
9.6496,-0.98147,-0.018719,-98.147
9.6597,-0.98165,-0.018532,-98.165
9.6697,-0.98184,-0.018346,-98.184
9.6797,-0.98202,-0.018163,-98.202
9.6897,-0.9822,-0.017981,-98.22
9.6997,-0.98238,-0.017801,-98.238
9.7097,-0.98255,-0.017623,-98.255
9.7197,-0.98273,-0.017446,-98.273
9.7297,-0.9829,-0.017272,-98.29
9.7397,-0.98307,-0.017099,-98.307
9.7497,-0.98324,-0.016928,-98.324
9.7598,-0.98341,-0.016758,-98.341
9.7698,-0.98358,-0.01659,-98.358
9.7798,-0.98374,-0.016424,-98.374
9.7898,-0.9839,-0.01626,-98.39
9.7998,-0.98406,-0.016097,-98.406
9.8098,-0.98422,-0.015936,-98.422
9.8198,-0.98438,-0.015776,-98.438
9.8298,-0.98454,-0.015619,-98.454
9.8398,-0.98469,-0.015462,-98.469
9.8498,-0.98485,-0.015307,-98.485
9.8599,-0.985,-0.015154,-98.5
9.8699,-0.98515,-0.015003,-98.515
9.8799,-0.9853,-0.014852,-98.53
9.8899,-0.98544,-0.014704,-98.544
9.8999,-0.98559,-0.014556,-98.559
9.9099,-0.98573,-0.014411,-98.573
9.9199,-0.98588,-0.014267,-98.588
9.9299,-0.98602,-0.014124,-98.602
9.9399,-0.98616,-0.013982,-98.616
9.9499,-0.9863,-0.013842,-98.63
9.96,-0.98643,-0.013704,-98.643
9.97,-0.98657,-0.013567,-98.657
9.98,-0.9867,-0.013431,-98.67
9.99,-0.98684,-0.013296,-98.684
10,-0.96695,1.9868,-96.695
